ID,Title,Number of Views,Number of Likes,Number of Comments
waJKJW_XU90,Avatar: The Last Airbender | Official Teaser | Netflix,12603122,303571,28729
6pHZmBin4Xc,Toruk Macto - AVATAR (4k Movie Clip),2391984,18403,478
d9MyW72ELq0,Avatar: The Way of Water | Official Trailer,58114153,1042794,43094
nsO1isT60h8,Destruction of Home Tree - AVATAR (4k Movie Clip),473028,3742,610
5PSNL1qE6VY,Avatar | Official Trailer (HD) | 20th Century FOX,12788322,81201,8939
QohBlL3WurE,Training with the Ikran - AVATAR (4k Movie Clip),217755,2868,65
-pDP5K-xW2Y,Jake vs Colonel Quaritch - AVATAR (4k Movie Clip),823707,6994,423
Mvt1OWNk_Sg,The Final Battle (Part 1) - AVATAR (4k Movie Clip),503678,4987,208
VjIdoK0xM5E,Neytiri and Jake vs Quaritch - Final Battle Scene - Avatar (2009) Movie Clip HD,1175733,4322,123
3G6J-ITWekA,Jake Wakes up in his Avatar Body - AVATAR (4k Movie Clip),5345771,23093,674
ofvrOdrO9gY,Neytiri saves Jake (Ending Scene) - AVATAR (4k Movie Clip),1282824,16785,857
YXtWPVFk5TQ,Avatar 3  Official Trailer | James Cameron  | 20th Century Studios | Avatar 3 Trailer,3183083,39129,1421
TgT8b62FJRI,Jake Meets Neytiri - AVATAR (4k Movie Clip),288177,3664,170
jbncrh_3NfM,The Final Battle (Part 3) - AVATAR (4k Movie Clip),567452,4833,199
WDFr1O_GeAQ,Avatar (2009) - Best Scenes,2328481,17980,634
PLtgIILX7E8,AVATAR Full Movie 2023: Fallen Kingdom | Superhero FXL Action Movies 2023 in English (Game Movie),42413703,200679,1306
ZM2k1UmcCXg,"AVATAR Clip - ""Ikran"" (2009)",28519912,163642,2209
V67Ytgs6KJo,Avatar: First Movie RECAP,609489,10335,318
BY3QEuQ8Mnc,Jake and Neytiri Kiss under the Tree of Voices - AVATAR (4k Movie Clip),2603717,27248,1232
2u9ApB0sWxw,"AVATAR RECAP: Everything You need to Know Before ""Way of Water""",579166,8995,322
0sJeBiUCIt4,AVATAR Clip - Final Battle (2009) James Cameron,32298896,191726,3675
oFErWcXJLdw,TRAINING TO BE IN THE NEXT AVATAR MOVIE,2529963,49513,1666
noVddIRzn3o,Sander VS Avatar Jake Sully #sandervs #satisfying #avatar,148650073,1152106,3281
5A6anrwecHM,Jake tames his Ikran - AVATAR (4k Movie Clip),358305,3193,77
mdhEj_rG80Y,AVATAR - Movie Behind the Scenes | Making of,2904223,8106,134
a8Gx8wiNbs8,Avatar: The Way of Water | Official Teaser Trailer,27754067,682449,29022
cMzwBkBdX6w,Did You Know This in AVATAR: THE WAY OF WATER? #shorts,856667,60753,277
zpSueMIfc2k,"AVATAR Clip - ""Awake"" (2009) James Cameron",13113280,54027,754
f5Zx8iPek5I,Avatar 3 Will Introduce The Dark SideðŸ”¥ Of Na'viâ€¦!?ðŸ˜®,7714399,350100,3997
Xkw96oC3LnI,First Look at Team Avatar Movie Poster (2025),363360,32249,1193
Hj6JCTAqFOo,AVATAR 3 Full Movie 2023 Fallen Kingdom HD,59061,227,10
nxjOFZqtLJc,AVATAR 3 Official Trailer (2024) | 20th Century Studios | Disney+,1823322,21170,593
QOg9LUIvaig,"AVATAR: THE LAST AIRBENDER | Water, Earth, Fire, Air | Netflix",3253977,55142,3975
HR2kbOK8i6I,The Last Airbender (2010) - Earthbenders Revolt! Scene (2/10) | Movieclips,10142939,78328,0
N_c8vTay6-k,Avatar 2 scenepack â€˜child scenesâ€™,397617,4480,144
Ehf6iESkLMk,Avatar 2: The Way Of Water - All Clips From The Movie (2022),2109100,10606,137
reyjhdQRRcs,"AVATAR Clip - ""The Tree Of Voices"" (2009)",3442940,27871,873
7wvY-Yxkyr8,*NEW* Netflix's Avatar Live Action Trailer Reaction + Breakdown,54868,2773,283
u3_Uhq6qxhU,AVATAR: THE LAST AIRBENDER Official First Look (2024) Netflix Live Action Trailer,784335,6141,1079
uLbnhYxh5Uk,Avatar The Way Of Water full movie :2023 || official movie|| 2022,39821,111,4
RGx8rYbRVR4,Why People Hate Avatar: A Lesson In Lazy Commentary,429132,25858,4036
0KeDynlW_pE,IT LOOKS GOOD \\ Avatar the Last Airbender - Teaser Trailer Group Reaction!,66456,3938,446
kHNCaWjB-98,Zoe Saldana Performance Capture | AVATAR (2009) Before & After CGI #shorts,24088028,1021051,3183
TKndKigKkss,Avatar the Last Airbender movie coming 2024! #avatar #avatarthelastairbender #movie #nickelodeon,264584,16293,214
bU2GSxkKqsU,Avatar (2009) | Jakeâ€™s first appearance as a Avatar Scene,1957898,86421,161
AIFslK-0USk,AVATAR: THE LAST AIRBENDER TRAILER REACTION!! Netflix Live Action Teaser Trailer 2024,84615,5338,382
yRR1K9dmhxw,"Behind the scenes of Avatar, Zoe Saldana and Sam Worthington  #avatar #samworthington #zoesaldana",5781287,245002,935
U7cVZD0idBw,The Avatar wins a war with a Tsunami | The Last Airbender | CLIP,2384540,18327,736
n76KALvTN3Q,Avatar: The Way of Water (2022) - Lo'ak Rush to Save Payakan,1484332,4380,51
0tpjNLKlatU,"In 2154, Humans Move To Moon With Species 3X Taller Than Them | AVATAR 1 RECAP",1119810,25792,1237
